<beans xmlns="http://www.springframework.org/schema/beans"
	xmlns:xsi="http://www.w3.org/2001/XMLSchema-instance"
	xmlns:context="http://www.springframework.org/schema/context"
	xsi:schemaLocation="http://www.springframework.org/schema/beans 
	http://www.springframework.org/schema/beans/spring-beans-2.5.xsd
	http://www.springframework.org/schema/context
	http://www.springframework.org/schema/context/spring-context-2.5.xsd">

	<context:component-scan base-package="com.mkyong.customer.controller" />
	
	<bean class="com.mkyong.customer.validator.CustomerValidator" />
	
 	<!-- Register the Customer.properties -->
	<bean id="messageSource"
		class="org.springframework.context.support.ResourceBundleMessageSource">
		<property name="basename" value="com/mkyong/customer/properties/Customer" />
	</bean>
 	
	<bean id="viewResolver"
	      class="org.springframework.web.servlet.view.InternalResourceViewResolver" >
          <property name="prefix">
              <value>/WEB-INF/pages/</value>
           </property>
          <property name="suffix">
             <value>.jsp</value>
          </property>
    </bean>

</beans>